GEOID10,obj
390599772003104,0.0
390599772003105,0.0
390599772003106,0.0
390599772003107,16.0
390599772003111,0.0
390599772003112,0.0
390599772003113,0.0
390599772003114,0.0
390599772003115,0.0
390599772003116,0.0
390599772003117,0.0
390599772003118,0.0
390599772003119,0.0
390599772003120,0.0
390599772003122,0.0
390599772004001,0.0
390599772004002,0.0
390599772004003,0.0
390599772004004,0.0
390599772004005,0.0
390599772004006,0.0
390599772004007,4.0
390599772004008,0.0
390599772004009,0.0
390599772004010,0.0
390599772004011,0.0
390599772004012,0.0
390599772004013,0.0
390599772004014,0.0
390599772004015,0.0
390599772004016,0.0
390599772004017,0.0
390599772004018,0.0
390599772004019,0.0
390599772004020,0.0
390599772004021,0.0
390599772004022,0.0
390599772004023,0.0
390599772004024,0.0
390599772004025,4.0
390599772004026,0.0
390599772004027,0.0
390599772004028,0.0
390599772004029,0.0
390599772004030,0.0
390599772004031,0.0
390599772004032,0.0
390599772004033,0.0
390599772004034,0.0
390599772004035,0.0
390599772004036,0.0
390599772004037,0.0
390599772004038,0.0
390599772004039,0.0
390599772004040,0.0
390599772004041,0.0
390599772004042,0.0
390599772004043,0.0
390599772004044,0.0
390599772004045,14.0
390599772004046,0.0
390599772004047,0.0
390599772004057,9.0
390599772004058,0.0
390599772004082,0.0
390599772004083,0.0
390599772004084,0.0
390599772004085,0.0
390599772004086,0.0
390599772004087,14.0
390599772004088,0.0
390599772004089,0.0
390599772004090,0.0
390599772004091,0.0
390599772004092,0.0
390599772004093,0.0
390599772004094,0.0
390599772004095,0.0
390599772004096,0.0
390599772004097,0.0
390599772004098,0.0
390599772004099,0.0
390599772004100,0.0
390599772004101,0.0
390599772004102,0.0
390599772004103,0.0
390599772004104,0.0
390599772004105,0.0
390599772004113,0.0
390599772004114,0.0
390599772004115,0.0
390599772004117,0.0
390599772004118,0.0
390599772004119,0.0
390599772004122,0.0
390599772004123,0.0
390599772004124,0.0
390599772004125,0.0
390599772004126,0.0
390599772004127,21.0
390599772004130,0.0
390599772004131,0.0
390599772004161,0.0
390599773001002,0.0
390599773001003,0.0
390599773001004,3.0
390599773001005,116.0
390599773001006,0.0
390599773001007,0.0
390599773001008,0.0
390599773001009,0.0
390599773001010,0.0
390599773001053,4.0
390599773001054,0.0
390599773001055,0.0
390599773001056,0.0
390599773001057,0.0
390599773002140,0.0
390599773002141,0.0
390599773002142,0.0
390599773002143,0.0
390599774001011,0.0
390599774001059,0.0
390599774001060,0.0
390599780001060,0.0
390599780001061,0.0
390599780001062,0.0
390599780001063,0.0
390599780002000,0.0
390599780002001,0.0
390599773001011,10.0
390599773001013,0.0
390599773001017,0.0
390599773001019,0.0
390599773001025,4.0
390599773001028,0.0
390599773001041,50.0
390599773001043,0.0
390599773001046,22.0
390599773001047,0.0
390599773001048,0.0
390599773002000,0.0
390599773002001,0.0
390599773002002,4.0
390599773002003,0.0
390599773002004,0.0
390599773002005,0.0
390599773002006,0.0
390599773002007,0.0
390599773002008,0.0
390599773002009,0.0
390599773002011,0.0
390599773002012,0.0
390599773002013,0.0
390599773002014,0.0
390599773002015,0.0
390599773002016,0.0
390599773002017,0.0
390599773002018,0.0
390599773002019,0.0
390599773002020,0.0
390599773002021,86.0
390599773002022,54.0
390599773002023,0.0
390599773002024,0.0
390599773002025,0.0
390599773002026,4.0
390599773002027,0.0
390599773002028,0.0
390599773002029,0.0
390599773002030,0.0
390599773002031,0.0
390599773002032,4.0
390599773002033,0.0
390599773002034,4.0
390599773002035,0.0
390599773002036,0.0
390599773002037,0.0
390599773002038,0.0
390599773002039,0.0
390599773002040,0.0
390599773002041,0.0
390599773002042,0.0
390599773002043,0.0
390599773002044,0.0
390599773002045,0.0
390599773002046,0.0
390599773002047,4.0
390599773002048,0.0
390599773002049,0.0
390599773002050,14.0
390599773002051,0.0
390599773002052,0.0
390599773002053,18.0
390599773002054,0.0
390599773002064,21.0
390599773002065,0.0
390599773002066,0.0
390599773002067,0.0
390599773002068,0.0
390599773002069,0.0
390599773002070,0.0
390599773002071,0.0
390599773002072,0.0
390599773002073,0.0
390599773002074,0.0
390599773002075,0.0
390599773002076,0.0
390599773002077,0.0
390599773002078,16.0
390599773002079,0.0
390599773002080,0.0
390599773002081,0.0
390599773002082,0.0
390599773002083,0.0
390599773002084,0.0
390599773002085,0.0
390599773002086,0.0
390599773002087,0.0
390599773002088,0.0
390599773002089,0.0
390599773002090,0.0
390599773002091,0.0
390599773002092,0.0
390599773002093,16.0
390599773002094,0.0
390599773002095,0.0
390599773002096,0.0
390599773002097,0.0
390599773002098,0.0
390599773002099,0.0
390599773002100,0.0
390599773002101,0.0
390599773002102,0.0
390599773002103,0.0
390599773002104,4.0
390599773002105,0.0
390599773002106,0.0
390599773002107,0.0
390599773002108,0.0
390599773002109,0.0
390599773002110,0.0
390599773002111,0.0
390599773002112,0.0
390599773002113,0.0
390599773002114,0.0
390599773002115,0.0
390599773002116,4.0
390599773002117,4.0
390599773002118,0.0
390599773002119,32.0
390599773002120,0.0
390599773002123,0.0
390599773002124,0.0
390599773002125,0.0
390599773002129,0.0
390599773002130,0.0
390599773002132,0.0
390599773002148,14.0
390599773002149,0.0
390599773002151,0.0
390599773002152,0.0
390599773002153,0.0
390599773003000,0.0
390599773003001,0.0
390599773003002,0.0
390599773003003,0.0
390599773003004,0.0
390599773003005,4.0
390599773003006,0.0
390599773003007,0.0
390599773003008,0.0
390599773003009,0.0
390599773003010,0.0
390599773003011,0.0
390599773003012,0.0
390599773003013,3.0
390599773003014,0.0
390599773003015,0.0
390599773003016,0.0
390599773003017,0.0
390599773003018,0.0
390599773003019,0.0
390599773003020,0.0
390599773003021,0.0
390599773003022,32.0
390599773003023,0.0
390599773003024,0.0
390599773003025,0.0
390599773003026,0.0
390599773003027,0.0
390599773003028,0.0
390599773003029,0.0
390599773003030,0.0
390599773003031,4.0
390599773003032,0.0
390599773003033,0.0
390599773003034,0.0
390599773003035,4.0
390599773003036,4.0
390599773003037,0.0
390599773003038,0.0
390599773003039,58.0
390599773003040,0.0
390599773003041,0.0
390599773003042,0.0
390599773003043,0.0
390599773003044,0.0
390599773003048,0.0
390599773003049,0.0
390599773003050,0.0
390599773003051,0.0
390599773003052,0.0
390599773003053,0.0
390599773003054,0.0
390599773003055,0.0
390599773003056,0.0
390599773003057,0.0
390599773003058,0.0
390599773003059,0.0
390599773003060,0.0
390599773003061,4.0
390599773003062,0.0
390599773003063,0.0
390599773003064,0.0
390599773003065,0.0
390599773003066,4.0
390599773003067,0.0
390599773003068,0.0
390599773003069,0.0
390599773003070,0.0
390599773003071,0.0
390599773003072,0.0
390599773003073,0.0
390599773003074,0.0
390599773003075,0.0
390599773003076,0.0
390599773003077,0.0
390599773003079,0.0
390599773003080,0.0
390599773003081,0.0
390599773003082,0.0
390599773003083,0.0
390599773003084,0.0
390599773003085,0.0
390599773003087,0.0
390599773003088,0.0
390599773003089,0.0
390599773003090,0.0
390599773003091,0.0
390599773003092,0.0
390599773003093,0.0
390599773003095,0.0
390599773003096,0.0
390599773003098,0.0
390599773003101,0.0
390599773003102,0.0
390599773003103,0.0
390599773003104,0.0
390599773003105,0.0
390599773003107,0.0
390599773003108,0.0
390599774001022,0.0
390599774001029,0.0
390599774001068,0.0
390599774001079,0.0
390599774001081,4.0
390599774001082,0.0
390599774001083,4.0
390599774001084,0.0
390599774001085,0.0
390599774001092,0.0
390599774001093,14.0
390599774001094,0.0
390599774001095,0.0
390599774001096,0.0
390599774001097,0.0
390599774001098,0.0
390599774001099,0.0
390599774001100,0.0
390599774001101,0.0
390599774002001,0.0
390599774002002,4.0
390599774002003,0.0
390599774002004,0.0
390599774002005,4.0
390599774002006,14.0
390599774002007,0.0
390599774002008,0.0
390599774002009,0.0
390599774002010,0.0
390599774002011,4.0
390599774002012,4.0
390599774002013,0.0
390599774002014,0.0
390599774002015,0.0
390599774002016,0.0
390599774002017,0.0
390599774002018,0.0
390599774002019,0.0
390599774002020,0.0
390599774002021,0.0
390599774002022,0.0
390599774002023,0.0
390599774002025,4.0
390599774002026,0.0
390599774002027,0.0
390599774002028,0.0
390599774002029,0.0
390599774002030,0.0
390599774002031,0.0
390599774002032,0.0
390599774002033,0.0
390599774002034,0.0
390599774002035,0.0
390599774002036,32.0
390599774002037,7.0
390599774002038,0.0
390599774002039,0.0
390599774002040,0.0
390599774002041,0.0
390599774002042,0.0
390599774002043,0.0
390599774002044,0.0
390599774003000,34.0
390599774003001,0.0
390599774003002,0.0
390599774003003,0.0
390599774003004,4.0
390599774003005,0.0
390599774003006,0.0
390599774003007,0.0
390599774003008,3.0
390599774003009,0.0
390599774003010,14.0
390599774003011,0.0
390599774003012,52.0
390599774003013,0.0
390599774003014,0.0
390599774003015,0.0
390599774003016,54.0
390599774003017,0.0
390599774003018,0.0
390599774003019,4.0
390599774003020,0.0
390599774003021,0.0
390599774003022,0.0
390599774003023,32.0
390599774003024,0.0
390599774003025,0.0
390599774003026,32.0
390599774003027,0.0
390599774003028,0.0
390599774003029,0.0
390599774003030,0.0
390599774003031,0.0
390599774003032,14.0
390599774003033,0.0
390599774003034,0.0
390599774003035,4.0
390599774003036,0.0
390599774003037,0.0
390599774003038,0.0
390599774003039,0.0
390599774003040,0.0
390599774003041,0.0
390599774003042,0.0
390599774003043,0.0
390599774003044,0.0
390599774003045,0.0
390599774003046,0.0
390599774003047,0.0
390599774003048,0.0
390599774003049,0.0
390599774003050,0.0
390599774003051,0.0
390599774003052,0.0
390599774003053,0.0
390599774003054,0.0
390599774003055,4.0
390599774003056,4.0
390599774003057,0.0
390599774003058,14.0
390599774003059,0.0
390599774003060,0.0
390599774003061,0.0
390599774003062,0.0
390599774003063,0.0
390599774003064,0.0
390599774003065,0.0
390599774003066,0.0
390599774003067,0.0
390599774003068,4.0
390599774003069,0.0
390599774003070,4.0
390599774003071,0.0
390599774003072,0.0
390599774003073,0.0
390599774003074,0.0
390599774003075,0.0
390599774003076,4.0
390599774003077,0.0
390599774003078,9.0
390599774003079,0.0
390599774003080,4.0
390599774003081,0.0
390599774003082,4.0
390599774003083,4.0
390599774003084,0.0
390599774003085,0.0
390599774003086,0.0
390599774003087,0.0
390599774003088,0.0
390599774003089,0.0
390599774003090,0.0
390599774003091,0.0
390599774003092,0.0
390599774003093,4.0
390599774003094,0.0
390599774003095,0.0
390599774003096,0.0
390599774003097,0.0
390599774003098,0.0
390599775001000,0.0
390599775001001,4.0
390599775001002,0.0
390599775001003,0.0
390599775001004,4.0
390599775001005,0.0
390599775001006,16.0
390599775001007,4.0
390599775001008,0.0
390599775001009,0.0
390599775001010,0.0
390599775001011,0.0
390599775001012,4.0
390599775001013,14.0
390599775001014,16.0
390599775001015,0.0
390599775001016,0.0
390599775001017,0.0
390599775001018,0.0
390599775001019,0.0
390599775001020,0.0
390599775001021,58.0
390599775001022,0.0
390599775001023,0.0
390599775001024,0.0
390599775001025,0.0
390599775001026,0.0
390599775001027,0.0
390599775001028,0.0
390599775001029,4.0
390599775001030,0.0
390599775001031,4.0
390599775002000,0.0
390599775002001,0.0
390599775002002,0.0
390599775002003,0.0
390599775002004,0.0
390599775002005,0.0
390599775002006,0.0
390599775002007,0.0
390599775002008,0.0
390599775002009,0.0
390599775002010,0.0
390599775002011,4.0
390599775002012,0.0
390599775002013,14.0
390599775002014,0.0
390599775002015,0.0
390599775002016,0.0
390599775002017,0.0
390599775002018,0.0
390599775002019,0.0
390599775002020,0.0
390599775002021,0.0
390599775002022,0.0
390599775002023,0.0
390599775002024,0.0
390599775002025,3.0
390599775002026,0.0
390599775002027,0.0
390599775002028,0.0
390599775002029,3.0
390599775002030,4.0
390599775002031,0.0
390599775002032,0.0
390599775002033,4.0
390599775002034,0.0
390599775002035,0.0
390599775002036,0.0
390599775002037,0.0
390599775002038,0.0
390599775002039,102.0
390599775002040,0.0
390599775002041,0.0
390599775003000,0.0
390599775003001,0.0
390599775003002,0.0
390599775003003,92.0
390599775003004,14.0
390599775003005,0.0
390599775003006,0.0
390599775003007,0.0
390599775003008,30.0
390599775003009,0.0
390599775003010,0.0
390599775003011,0.0
390599775003012,0.0
390599775003013,0.0
390599775003014,0.0
390599775003015,0.0
390599775003016,0.0
390599775003017,0.0
390599775003018,16.0
390599775003019,0.0
390599775003020,0.0
390599775003021,0.0
390599775003022,3.0
390599775003023,4.0
390599775003024,10.0
390599775003025,0.0
390599775003026,0.0
390599775003027,0.0
390599775003028,0.0
390599775003029,0.0
390599775003030,0.0
390599775003031,0.0
390599775003032,0.0
390599775003033,4.0
390599775003034,4.0
390599775003035,0.0
390599775003036,0.0
390599775003037,0.0
390599775004000,16.0
390599775004001,4.0
390599775004002,0.0
390599775004003,0.0
390599775004004,4.0
390599775004005,0.0
390599775004006,0.0
390599775004007,0.0
390599775004008,0.0
390599775004009,14.0
390599775004010,0.0
390599775004011,4.0
390599775004012,0.0
390599775004013,14.0
390599775004014,0.0
390599775004015,0.0
390599775004016,4.0
390599775004017,14.0
390599775004018,0.0
390599775004019,0.0
390599775004020,0.0
390599775004021,54.0
390599775004022,0.0
390599776001003,0.0
390599776001004,0.0
390599776001006,0.0
390599776001007,0.0
390599776001008,4.0
390599776001009,0.0
390599776001010,0.0
390599776001011,0.0
390599776001012,0.0
390599776001013,0.0
390599776001014,0.0
390599776001015,0.0
390599776001016,4.0
390599776001017,0.0
390599776001018,0.0
390599776001019,0.0
390599776001020,0.0
390599776001021,0.0
390599776001022,0.0
390599776001023,0.0
390599776001026,0.0
390599776001027,0.0
390599776001028,0.0
390599776001029,0.0
390599776001030,0.0
390599776001031,0.0
390599776001032,4.0
390599776001033,0.0
390599776001034,0.0
390599776001035,0.0
390599776001036,0.0
390599776001037,0.0
390599776001038,0.0
390599776001039,0.0
390599776001040,0.0
390599776001041,0.0
390599776001042,32.0
390599776001043,0.0
390599776001047,12.0
390599776001048,0.0
390599776001049,0.0
390599776001050,0.0
390599776001051,0.0
390599776001055,0.0
390599776001056,0.0
390599776002000,0.0
390599776002001,0.0
390599776002002,0.0
390599776002003,0.0
390599776002004,0.0
390599776002005,0.0
390599776002006,0.0
390599776002007,14.0
390599776002008,0.0
390599776002009,0.0
390599776002010,0.0
390599776002011,4.0
390599776002012,0.0
390599776002013,0.0
390599776002014,0.0
390599776002015,0.0
390599776002016,0.0
390599776002017,0.0
390599776002018,0.0
390599776002019,0.0
390599776002020,0.0
390599776002021,0.0
390599776002022,0.0
390599776002023,0.0
390599776002024,0.0
390599776002025,0.0
390599776002026,14.0
390599776002027,0.0
390599776002028,0.0
390599776002029,0.0
390599776002030,0.0
390599776002031,32.0
390599776002032,0.0
390599776002033,0.0
390599776002034,0.0
390599776002035,0.0
390599776002036,0.0
390599776002037,0.0
390599776002038,0.0
390599776002039,0.0
390599776002040,0.0
390599776002041,0.0
390599776002042,0.0
390599776002043,0.0
390599776002044,0.0
390599776002045,0.0
390599776002046,0.0
390599776002047,0.0
390599776002048,0.0
390599776002049,0.0
390599776002050,0.0
390599776002051,0.0
390599776002052,0.0
390599776002053,0.0
390599776002054,4.0
390599776002055,4.0
390599776002056,0.0
390599776002057,51.0
390599776002058,22.0
390599776002059,0.0
390599776002060,0.0
390599776002061,0.0
390599776002062,0.0
390599776002063,4.0
390599776002064,14.0
390599776002065,0.0
390599776002066,0.0
390599776002067,0.0
390599776002068,0.0
390599776002069,0.0
390599776002070,0.0
390599776002071,0.0
390599776002072,4.0
390599776002073,0.0
390599776002074,0.0
390599776002075,4.0
390599776002076,0.0
390599776002077,0.0
390599776003001,0.0
390599776003002,0.0
390599776003003,0.0
390599776003004,0.0
390599776003005,4.0
390599776003006,0.0
390599776003007,0.0
390599776003008,0.0
390599776003009,0.0
390599776003010,0.0
390599776003011,4.0
390599776003012,0.0
390599776003013,0.0
390599776003014,0.0
390599776003015,0.0
390599776003016,0.0
390599776003017,0.0
390599776003018,0.0
390599776003019,0.0
390599776003020,0.0
390599776003021,0.0
390599776003022,0.0
390599776003023,0.0
390599776003024,0.0
390599776003027,4.0
390599776003028,22.0
390599776003032,82.0
390599776003033,0.0
390599776003034,0.0
390599776003035,0.0
390599776003036,0.0
390599776003044,0.0
390599776003046,0.0
390599776003047,0.0
390599776003048,0.0
390599776003050,0.0
390599776003051,0.0
390599776003054,0.0
390599776003055,0.0
390599776003062,0.0
390599776003064,0.0
390599776003065,0.0
390599776003066,0.0
390599776003067,0.0
390599779001003,0.0
390599779001004,0.0
390599779001043,0.0
390599779001044,0.0
390599779001045,0.0
390599779001086,0.0
390599779001088,0.0
390599779001089,0.0
390599780001000,0.0
390599780001034,0.0
390599780001042,0.0
390599780001045,0.0
390599780001046,0.0
390599780001051,0.0
390599772002150,0.0
390599772002151,0.0
390599772002152,0.0
390599772002156,0.0
390599772002167,0.0
390599772004000,0.0
390599772004160,0.0
390599773001000,0.0
390599773001001,0.0
390599773001012,0.0
390599773001014,0.0
390599773001015,0.0
390599773001016,0.0
390599773001018,0.0
390599773001020,0.0
390599773001021,0.0
390599773001022,0.0
390599773001023,0.0
390599773001024,0.0
390599773001026,0.0
390599773001027,0.0
390599773001029,4.0
390599773001030,0.0
390599773001031,0.0
390599773001032,0.0
390599773001033,0.0
390599773001034,0.0
390599773001035,0.0
390599773001036,0.0
390599773001037,4.0
390599773001038,0.0
390599773001039,22.0
390599773001040,0.0
390599773001042,0.0
390599773001044,0.0
390599773001045,0.0
390599773001049,0.0
390599773001050,16.0
390599773001051,0.0
390599773001052,4.0
390599773002010,0.0
390599773002055,0.0
390599773002056,0.0
390599773002057,0.0
390599773002058,0.0
390599773002059,0.0
390599773002060,0.0
390599773002061,0.0
390599773002062,0.0
390599773002063,0.0
390599773002121,0.0
390599773002122,0.0
390599773002126,0.0
390599773002127,0.0
390599773002128,0.0
390599773002131,0.0
390599773002133,0.0
390599773002134,0.0
390599773002135,0.0
390599773002136,0.0
390599773002137,0.0
390599773002138,0.0
390599773002139,0.0
390599773002144,0.0
390599773002145,0.0
390599773002146,0.0
390599773002147,0.0
390599773002150,0.0
390599773003045,0.0
390599773003046,0.0
390599773003047,0.0
390599773003078,0.0
390599773003086,4.0
390599773003094,0.0
390599773003097,0.0
390599773003099,0.0
390599773003100,0.0
390599773003106,0.0
390599773003109,0.0
390599774001006,0.0
390599774001007,0.0
390599774001008,0.0
390599774001009,0.0
390599774001012,0.0
390599774001013,0.0
390599774001014,0.0
390599774001015,0.0
390599774001016,0.0
390599774001017,14.0
390599774001018,0.0
390599774001019,0.0
390599774001020,0.0
390599774001021,0.0
390599774001023,0.0
390599774001024,0.0
390599774001025,0.0
390599774001026,0.0
390599774001027,0.0
390599774001028,0.0
390599774001030,0.0
390599774001031,0.0
390599774001032,0.0
390599774001033,0.0
390599774001034,0.0
390599774001035,20.0
390599774001036,0.0
390599774001037,0.0
390599774001038,0.0
390599774001039,0.0
390599774001040,0.0
390599774001041,0.0
390599774001042,0.0
390599774001043,0.0
390599774001044,0.0
390599774001045,0.0
390599774001047,0.0
390599774001048,0.0
390599774001049,0.0
390599774001050,0.0
390599774001051,0.0
390599774001052,0.0
390599774001053,0.0
390599774001057,0.0
390599774001058,0.0
390599774001061,0.0
390599774001062,0.0
390599774001063,0.0
390599774001064,0.0
390599774001065,0.0
390599774001066,0.0
390599774001067,4.0
390599774001069,0.0
390599774001070,0.0
390599774001071,0.0
390599774001072,0.0
390599774001073,0.0
390599774001074,0.0
390599774001075,0.0
390599774001076,0.0
390599774001077,0.0
390599774001078,0.0
390599774001080,0.0
390599774001086,0.0
390599774001087,0.0
390599774001088,0.0
390599774001089,0.0
390599774001090,0.0
390599774001091,0.0
390599774001102,0.0
390599774001103,0.0
390599774001104,0.0
390599774001105,0.0
390599774001106,0.0
390599774001107,0.0
390599774001108,0.0
390599774001109,0.0
390599774001110,0.0
390599774002000,0.0
390599774002024,0.0
390599776001000,0.0
390599776001001,0.0
390599776001002,0.0
390599776001005,0.0
390599776001024,0.0
390599776001025,0.0
390599776001044,0.0
390599776001045,0.0
390599776001046,0.0
390599776001052,0.0
390599776001053,0.0
390599776001054,14.0
390599776003000,0.0
390599776003025,0.0
390599776003026,0.0
390599776003029,0.0
390599776003030,4.0
390599776003031,0.0
390599776003037,0.0
390599776003038,38.0
390599776003039,0.0
390599776003040,0.0
390599776003041,0.0
390599776003042,0.0
390599776003043,30.0
390599776003045,0.0
390599776003049,0.0
390599776003052,0.0
390599776003053,0.0
390599776003056,0.0
390599776003057,0.0
390599776003058,0.0
390599776003059,0.0
390599776003060,0.0
390599776003061,0.0
390599776003063,0.0
390599777002077,0.0
390599777002078,0.0
390599777002083,0.0
390599777002084,0.0
390599777003016,0.0
390599777003017,0.0
390599777003018,0.0
390599777003019,0.0
390599777003020,0.0
390599777003026,0.0
390599777003027,0.0
390599777003028,4.0
390599777003029,4.0
390599777003030,0.0
390599777003031,0.0
390599777003032,0.0
390599777003033,3.0
390599777003034,0.0
390599777003035,0.0
390599777003036,0.0
390599777003037,0.0
390599777003038,0.0
390599777003039,0.0
390599777003040,0.0
390599777003041,0.0
390599777003042,0.0
390599777003043,0.0
390599777003044,60.0
390599777003045,0.0
390599777003046,0.0
390599777003047,0.0
390599777003048,0.0
390599777003049,0.0
390599777003050,0.0
390599777003051,0.0
390599777003052,0.0
390599777003055,0.0
390599777003056,0.0
390599777003057,0.0
390599777003058,0.0
390599777003059,0.0
390599777003060,0.0
390599777003061,0.0
390599777003062,0.0
390599777003063,0.0
390599777003064,0.0
390599777003065,0.0
390599777003066,0.0
390599777003067,0.0
390599777003068,0.0
390599777003069,0.0
390599777003070,0.0
390599777003071,0.0
390599777003072,0.0
390599777003077,0.0
390599777003078,0.0
390599777003079,0.0
390599777003080,0.0
390599777003081,0.0
390599777003082,0.0
390599777003083,0.0
390599777003084,0.0
390599777003085,0.0
390599777003089,0.0
390599777003090,0.0
390599777003091,3.0
390599777003092,0.0
390599777003099,0.0
390599777003100,0.0
390599777003102,0.0
390599777003103,0.0
390599778002002,0.0
390599778002006,0.0
390599778002011,0.0
390599778002012,0.0
390599778002013,0.0
390599778002014,0.0
390599778002015,0.0
390599778002016,0.0
390599778002017,0.0
390599778002018,0.0
390599778002019,0.0
390599778002020,0.0
390599778002021,0.0
390599778002022,0.0
390599778002023,0.0
390599778002024,0.0
390599778002025,0.0
390599778002027,0.0
390599778002028,0.0
390599778002044,0.0
390599778002045,0.0
390599778002113,0.0
390599779001000,0.0
390599779001001,0.0
390599779001002,0.0
390599779001005,0.0
390599779001006,0.0
390599779001007,0.0
390599779001008,0.0
390599779001014,0.0
390599779001015,0.0
390599779001016,0.0
390599779001017,0.0
390599779001018,0.0
390599779001027,0.0
390599779001040,0.0
390599779001041,0.0
390599779001042,0.0
390599779001083,0.0
390599779001084,0.0
390599779001085,0.0
390599779001087,0.0
390599780001001,0.0
390599780001002,0.0
390599780001003,0.0
390599780001004,0.0
390599780001005,0.0
390599780001006,0.0
390599780001007,0.0
390599780001008,0.0
390599780001009,0.0
390599780001010,0.0
390599780001011,0.0
390599780001012,0.0
390599780001013,0.0
390599780001014,0.0
390599780001015,0.0
390599780001016,0.0
390599780001017,0.0
390599780001018,0.0
390599780001019,0.0
390599780001020,0.0
390599780001021,4.0
390599780001022,0.0
390599780001023,0.0
390599780001024,0.0
390599780001025,0.0
390599780001026,0.0
390599780001027,0.0
390599780001028,0.0
390599780001029,0.0
390599780001030,0.0
390599780001031,0.0
390599780001032,0.0
390599780001033,0.0
390599780001035,0.0
390599780001036,0.0
390599780001037,0.0
390599780001043,0.0
390599780001044,0.0
390599780001048,0.0
390599780001049,0.0
390599780001050,0.0
390599780001069,0.0
390599780001070,0.0
390599780001123,0.0
390599777001095,0.0
390599778001073,0.0
390599778001074,0.0
390599778001075,0.0
390599778001082,0.0
390599778001083,0.0
390599778001084,0.0
390599778001085,21.0
390599778001086,0.0
390599778001087,0.0
390599777001077,0.0
390599777001078,0.0
390599777001079,0.0
390599777001080,0.0
390599777001083,0.0
390599777001084,0.0
390599777001085,0.0
390599777001086,0.0
390599777001087,0.0
390599777001088,0.0
390599777001089,0.0
390599777001090,0.0
390599777001091,0.0
390599777001092,0.0
390599777001093,0.0
390599777001094,0.0
390599777001098,0.0
390599777001099,0.0
390599777001100,0.0
390599777001104,0.0
390599777001105,0.0
390599777001106,0.0
390599777001107,0.0
390599777001108,0.0
390599777001109,0.0
390599777002014,0.0
390599777002015,0.0
390599777002016,0.0
390599777002017,0.0
390599777002018,0.0
390599777002019,0.0
390599777002026,0.0
390599777002027,0.0
390599777002028,0.0
390599777002029,0.0
390599777002030,0.0
390599777002031,0.0
390599777002032,0.0
390599777002033,0.0
390599777002034,4.0
390599777002035,0.0
390599777002036,0.0
390599777002051,0.0
390599777002052,0.0
390599777002053,0.0
390599777002054,0.0
390599777002058,0.0
390599777002059,0.0
390599777002060,3.0
390599777002061,0.0
390599777002062,0.0
390599777002063,0.0
390599777002064,0.0
390599777002065,0.0
390599777002066,0.0
390599777002067,0.0
390599777002068,0.0
390599777002069,0.0
390599777002070,0.0
390599777002071,0.0
390599777002072,0.0
390599777002073,0.0
390599777002074,0.0
390599777002075,0.0
390599777002076,0.0
390599777002079,0.0
390599777002080,0.0
390599777002081,0.0
390599777002082,0.0
390599777003007,0.0
390599777003008,0.0
390599777003024,0.0
390599777003025,0.0
390599777003053,0.0
390599777003054,0.0
390599777003073,0.0
390599777003074,0.0
390599777003075,0.0
390599777003076,0.0
390599777003086,0.0
390599777003087,0.0
390599777003088,0.0
390599777003093,0.0
390599777003094,0.0
390599777003095,0.0
390599777003096,0.0
390599777003097,0.0
390599777003098,0.0
390599777003101,0.0
390599777003106,0.0
390599777003107,0.0
390599777003108,0.0
390599777003109,10.0
390599778001012,0.0
390599778001013,0.0
390599778001076,0.0
390599778001077,0.0
390599778001078,0.0
390599778001079,0.0
390599778001080,0.0
390599778001081,0.0
390599778001093,0.0
390599778002000,0.0
390599778002001,0.0
390599778002003,0.0
390599778002004,0.0
390599778002005,0.0
390599778002007,0.0
390599778002008,0.0
390599778002009,0.0
390599778002010,0.0
390599778002026,0.0
390599778002030,0.0
390599778002031,32.0
390599778002032,0.0
390599778002033,0.0
390599778002034,0.0
390599778002035,0.0
390599778002036,0.0
390599778002037,0.0
390599778002038,20.0
390599778002039,0.0
390599778002071,39.0
390599778002050,0.0
390599778002097,0.0
390599778002098,0.0
390599778002110,0.0
390599779001019,0.0
390599779001022,0.0
390599779001023,0.0
390599779001024,0.0
390599779001025,0.0
390599779001026,0.0
390599779001038,0.0
390599779001047,0.0
390599779001048,0.0
390599779001049,0.0
390599779001050,0.0
390599779001051,0.0
390599779001052,0.0
390599779001053,0.0
390599779001054,0.0
390599779001055,0.0
390599779001056,0.0
390599779001057,0.0
390599779001058,0.0
390599779001059,0.0
390599779001060,20.0
390599779001061,0.0
390599779001062,0.0
390599779001065,0.0
390599779001066,0.0
390599779001067,0.0
390599779001068,0.0
390599779001069,4.0
390599779001070,4.0
390599779001071,0.0
390599779001072,0.0
390599779001073,0.0
390599779001074,0.0
390599779001075,0.0
390599779001076,0.0
390599779001078,0.0
390599779001082,0.0
390599779001092,0.0
390599779001093,0.0
390599779001094,0.0
390599779001095,0.0
390599779001096,0.0
390599779001097,0.0
390599779001098,0.0
390599779001099,0.0
390599779001100,0.0
390599779001101,0.0
390599779001102,4.0
390599779001103,0.0
390599779001104,0.0
390599779001110,0.0
390599779001111,0.0
390599779001112,0.0
390599779001113,0.0
390599779001114,0.0
390599779001115,0.0
390599779002000,0.0
390599779002006,0.0
390599779002065,0.0
390599779002074,0.0
390599779002075,0.0
390599779003000,0.0
390599779003001,0.0
390599779003002,0.0
390599779003003,0.0
390599779003004,0.0
390599779003005,0.0
390599779003006,0.0
390599779003007,0.0
390599779003008,0.0
390599779003009,0.0
390599779003011,0.0
390599779003013,0.0
390599779003014,0.0
390599779003015,0.0
390599779003016,0.0
390599779003019,0.0
390599779003020,42.0
390599779003023,0.0
390599779003024,0.0
390599779003029,0.0
390599779003030,0.0
390599779003032,0.0
390599779003033,0.0
390599779003034,0.0
390599779003035,0.0
390599779003036,0.0
390599779003037,0.0
390599779003038,0.0
390599779003039,0.0
390599779003040,0.0
390599779003041,0.0
390599779003042,0.0
390599779003043,0.0
390599779003044,0.0
390599779003045,0.0
390599779003046,0.0
390599779003047,0.0
390599779003048,0.0
390599779003049,0.0
390599779003050,0.0
390599779003051,0.0
390599779003052,0.0
390599779003053,0.0
390599779003054,0.0
390599779003055,0.0
390599779003056,0.0
390599779003057,9.0
390599779003058,0.0
390599779003059,0.0
390599779003060,120.0
390599779003061,0.0
390599779003062,0.0
390599779003063,4.0
390599779003064,0.0
390599779003065,0.0
390599779003068,0.0
390599779004000,0.0
390599779004001,0.0
390599779004002,0.0
390599779004003,0.0
390599779004004,0.0
390599779004005,0.0
390599779004006,0.0
390599779004007,0.0
390599779004008,0.0
390599779004009,0.0
390599779004010,0.0
390599779004011,0.0
390599779004012,0.0
390599779004013,0.0
390599779004014,0.0
390599779004015,4.0
390599779004016,0.0
390599779004017,0.0
390599779004018,0.0
390599779004019,0.0
390599779004020,0.0
390599779004021,0.0
390599779004022,0.0
390599779004023,0.0
390599779004024,0.0
390599779004025,0.0
390599779004026,0.0
390599779004027,0.0
390599779004028,0.0
390599779004035,0.0
390599779004038,0.0
390599779004039,0.0
390599779004040,0.0
390599779004042,0.0
390599779004067,0.0
390599779004068,0.0
390599779004069,0.0
390599779004070,4.0
390599779004071,0.0
390599779004072,0.0
390599779004073,0.0
390599779004074,0.0
390599779004075,0.0
390599779004076,0.0
390599779004077,0.0
390599779004078,0.0
390599779004079,0.0
390599779004080,0.0
390599779004081,0.0
390599779004082,0.0
390599779004083,0.0
390599779004084,0.0
390599779004085,0.0
390599779001109,0.0
390599780001038,0.0
390599780001039,0.0
390599780001041,0.0
390599780001075,0.0
390599778002029,0.0
390599778002040,0.0
390599778002041,0.0
390599778002042,0.0
390599778002043,0.0
390599778002046,0.0
390599778002047,0.0
390599778002048,0.0
390599778002049,0.0
390599778002051,0.0
390599778002052,0.0
390599778002053,0.0
390599778002054,0.0
390599778002055,0.0
390599778002058,0.0
390599778002059,0.0
390599778002060,0.0
390599778002061,0.0
390599778002062,0.0
390599778002063,0.0
390599778002064,0.0
390599778002065,0.0
390599778002066,0.0
390599778002090,0.0
390599778002091,0.0
390599778002092,0.0
390599778002093,0.0
390599778002094,0.0
390599778002095,0.0
390599778002096,0.0
390599778002100,0.0
390599778002101,0.0
390599778002102,0.0
390599778002117,0.0
390599778002118,0.0
390599778003016,0.0
390599778003017,0.0
390599778003018,0.0
390599778003019,0.0
390599778003021,0.0
390599778003029,0.0
390599778003030,0.0
390599779001009,0.0
390599779001010,0.0
390599779001011,0.0
390599779001012,0.0
390599779001013,0.0
390599779001020,0.0
390599779001021,0.0
390599779001028,0.0
390599779001029,0.0
390599779001030,0.0
390599779001031,0.0
390599779001032,0.0
390599779001033,0.0
390599779001034,0.0
390599779001035,0.0
390599779001036,0.0
390599779001037,0.0
390599779001039,0.0
390599779001046,0.0
390599779001063,0.0
390599779001064,0.0
390599779001077,0.0
390599779001079,0.0
390599779001080,0.0
390599779001081,0.0
390599779001090,0.0
390599779001091,0.0
390599779001105,0.0
390599779001106,0.0
390599779001107,0.0
390599779001108,0.0
390599779002001,16.0
390599779002002,0.0
390599779002003,0.0
390599779002004,0.0
390599779002005,4.0
390599779002007,0.0
390599779002008,0.0
390599779002009,0.0
390599779002010,0.0
390599779002011,0.0
390599779002012,0.0
390599779002013,0.0
390599779002014,0.0
390599779002015,0.0
390599779002016,0.0
390599779002017,0.0
390599779002018,0.0
390599779002019,0.0
390599779002020,0.0
390599779002021,0.0
390599779002022,0.0
390599779002023,0.0
390599779002024,4.0
390599779002025,0.0
390599779002026,0.0
390599779002027,0.0
390599779002028,0.0
390599779002029,0.0
390599779002030,0.0
390599779002031,0.0
390599779002032,0.0
390599779002033,0.0
390599779002034,0.0
390599779002035,0.0
390599779002036,0.0
390599779002037,0.0
390599779002038,4.0
390599779002039,0.0
390599779002040,0.0
390599779002041,0.0
390599779002042,0.0
390599779002043,0.0
390599779002044,0.0
390599779002045,0.0
390599779002046,0.0
390599779002047,146.0
390599779002048,0.0
390599779002049,4.0
390599779002050,0.0
390599779002051,0.0
390599779002052,0.0
390599779002053,4.0
390599779002054,14.0
390599779002055,0.0
390599779002062,0.0
390599779002063,0.0
390599779002064,0.0
390599779002066,0.0
390599779002070,0.0
390599779002071,0.0
390599779002072,0.0
390599779002073,0.0
390599779003010,0.0
390599779003012,0.0
390599779003017,0.0
390599779003018,0.0
390599779003021,0.0
390599779003022,0.0
390599779003025,0.0
390599779003026,0.0
390599779003027,0.0
390599779003028,0.0
390599779003031,0.0
390599779003066,0.0
390599779003067,0.0
390599779003069,0.0
390599779004029,0.0
390599779004030,0.0
390599779004031,0.0
390599779004032,0.0
390599779004033,0.0
390599779004034,3.0
390599779004036,0.0
390599779004037,0.0
390599779004041,0.0
390599779004043,0.0
390599779004086,3.0
390599780001040,0.0
390599780001047,0.0
390599780001065,0.0
390599780001066,0.0
390599780001067,0.0
390599780001068,0.0
390599780001071,0.0
390599780001072,0.0
390599780001073,0.0
390599780001074,0.0
390599780001076,0.0
390599780001077,0.0
390599780001078,0.0
390599780001079,0.0
390599780001080,0.0
390599780001081,0.0
390599780001082,0.0
390599780001083,0.0
390599780001084,0.0
390599780001085,0.0
390599780001086,0.0
390599780001089,0.0
390599780001090,0.0
390599780001091,0.0
390599780001092,66.0
390599780001095,0.0
390599780001096,0.0
390599780001097,0.0
390599780001098,0.0
390599780001099,90.0
390599780001100,0.0
390599780001101,0.0
390599780001102,14.0
390599780001110,0.0
390599780001111,0.0
390599780001112,0.0
390599780001113,0.0
390599780001114,0.0
390599780001115,0.0
390599780001116,0.0
390599780001117,4.0
390599780001118,0.0
390599780001122,0.0
390599780001124,0.0
390599780003002,0.0
390599780003003,0.0
390599780003004,0.0
390599780003005,0.0
390599771001117,0.0
390599771001118,0.0
390599771001119,0.0
390599771001124,0.0
390599771001125,0.0
390599772001106,0.0
390599772001148,0.0
390599772001149,0.0
390599772001150,0.0
390599772001151,0.0
390599772001152,0.0
390599772001153,0.0
390599772001154,0.0
390599772001155,0.0
390599772001156,0.0
390599772001157,0.0
390599772001158,0.0
390599772001177,0.0
390599772001178,0.0
390599772001179,0.0
390599772001180,0.0
390599772001181,0.0
390599772001182,0.0
390599772001183,0.0
390599772001185,0.0
390599772001186,0.0
390599772001187,0.0
390599772001188,0.0
390599772001189,0.0
390599772001190,0.0
390599772001191,0.0
390599772001192,0.0
390599772001195,0.0
390599772001196,0.0
390599772001197,0.0
390599772001198,0.0
390599772001199,0.0
390599772001200,0.0
390599772001201,0.0
390599772001202,0.0
390599772001203,0.0
390599772001204,0.0
390599772001205,0.0
390599772001206,0.0
390599772001207,0.0
390599772001208,0.0
390599772001209,0.0
390599772001210,0.0
390599772001211,0.0
390599772001212,0.0
390599772001213,0.0
390599772001214,0.0
390599772001219,0.0
390599772001220,0.0
390599772001221,0.0
390599772001222,0.0
390599772001223,0.0
390599772001225,0.0
390599772001226,0.0
390599772001227,0.0
390599772001228,0.0
390599772001229,0.0
390599772001230,0.0
390599772001231,0.0
390599777002004,0.0
390599777002005,0.0
390599777002006,0.0
390599777002007,0.0
390599777002008,0.0
390599777002010,0.0
390599777002011,0.0
390599777002012,0.0
390599777002013,0.0
390599777003000,0.0
390599777003001,0.0
390599777003002,0.0
390599777003003,0.0
390599777003004,0.0
390599777003005,0.0
390599777003006,0.0
390599777003009,0.0
390599777003010,0.0
390599777003011,0.0
390599777003022,0.0
390599777003023,0.0
390599777003104,0.0
390599777003105,0.0
390599772002129,0.0
390599772002130,0.0
390599772002137,0.0
390599772002145,0.0
390599772002146,0.0
390599772002147,0.0
390599772002149,14.0
390599772002169,0.0
390599772002170,0.0
390599772003017,0.0
390599772003018,0.0
390599772003019,0.0
390599772003020,0.0
390599772003021,0.0
390599772003022,0.0
390599772003023,0.0
390599772003024,0.0
390599772003025,0.0
390599772003026,0.0
390599772003027,0.0
390599772003028,0.0
390599772003029,0.0
390599772003030,0.0
390599772003031,0.0
390599772003032,0.0
390599772003033,0.0
390599772003034,0.0
390599772003035,0.0
390599772003036,0.0
390599772003037,0.0
390599772003038,0.0
390599772003039,0.0
390599772003040,0.0
390599772003041,0.0
390599772003042,0.0
390599772003043,0.0
390599772003044,0.0
390599772003045,0.0
390599772003046,0.0
390599772003047,0.0
390599772003048,0.0
390599772003049,0.0
390599772003050,0.0
390599772003051,0.0
390599772003052,0.0
390599772003053,0.0
390599772003054,0.0
390599772003055,0.0
390599772003057,0.0
390599772003058,0.0
390599772003059,0.0
390599772003060,0.0
390599772003061,0.0
390599772003062,0.0
390599772003063,0.0
390599772003064,0.0
390599772003065,0.0
390599772003066,0.0
390599772003067,0.0
390599772003068,0.0
390599772003069,0.0
390599772003070,0.0
390599772003071,0.0
390599772003072,0.0
390599772003073,0.0
390599772003074,0.0
390599772003075,0.0
390599772003076,0.0
390599772003077,0.0
390599772003078,0.0
390599772003079,0.0
390599772003080,0.0
390599772003081,0.0
390599772003082,0.0
390599772003083,0.0
390599772003084,0.0
390599772003085,0.0
390599772003086,0.0
390599772003087,0.0
390599772003088,0.0
390599772003089,52.0
390599772003090,0.0
390599772003091,0.0
390599772003092,0.0
390599772003093,0.0
390599772003094,0.0
390599772003095,0.0
390599772003096,0.0
390599772003097,0.0
390599772003098,0.0
390599772003099,0.0
390599772003100,0.0
390599772003101,0.0
390599772003102,0.0
390599772003103,0.0
390599772003108,0.0
390599772003109,0.0
390599772003110,0.0
390599772003121,0.0
390599772003123,0.0
390599774001010,0.0
390599772002062,0.0
390599772002063,4.0
390599772002064,0.0
390599772002065,0.0
390599772002066,0.0
390599772002083,4.0
390599772002084,0.0
390599772002094,0.0
390599772002095,0.0
390599772002096,0.0
390599772002097,0.0
390599772002103,0.0
390599772002104,0.0
390599772002105,0.0
390599772002106,0.0
390599772002107,0.0
390599772002108,0.0
390599772002109,0.0
390599772002110,0.0
390599772002111,0.0
390599772002119,0.0
390599772001111,0.0
390599772001112,0.0
390599772001113,0.0
390599772001114,0.0
390599772001115,0.0
390599772001116,0.0
390599772001117,0.0
390599772001119,7.0
390599772001120,0.0
390599772001121,0.0
390599772001122,0.0
390599772001123,0.0
390599772001124,0.0
390599772001125,0.0
390599772001126,0.0
390599772001127,0.0
390599772001128,0.0
390599772001129,0.0
390599772001130,0.0
390599772001131,0.0
390599772001132,0.0
390599772001133,0.0
390599772001134,0.0
390599772001135,0.0
390599772001136,0.0
390599772001137,0.0
390599772001138,0.0
390599772001139,0.0
390599772001146,0.0
390599772001147,0.0
390599772001159,0.0
390599772001160,0.0
390599772001215,0.0
390599772001216,0.0
390599772001217,0.0
390599772001218,0.0
390599772001232,0.0
390599772001233,0.0
390599772002046,0.0
390599772002047,0.0
390599772002048,0.0
390599772002049,0.0
390599772002050,0.0
390599772002051,0.0
390599772002061,0.0
390599772002067,0.0
390599772002075,0.0
390599772002085,0.0
390599772002086,0.0
390599772002087,0.0
390599772002091,0.0
390599772002092,0.0
390599772002093,0.0
390599772002098,0.0
390599772002099,0.0
390599772002100,0.0
390599772002101,0.0
390599772002102,0.0
390599772002112,0.0
390599772002113,0.0
390599772002114,0.0
390599772002115,0.0
390599772002116,0.0
390599772002117,0.0
390599772002118,0.0
390599772002120,0.0
390599772002121,0.0
390599772002122,0.0
390599772002123,0.0
390599772002124,0.0
390599772002125,0.0
390599772002126,0.0
390599772002127,0.0
390599772002128,0.0
390599772002131,0.0
390599772002132,0.0
390599772002133,0.0
390599772002134,14.0
390599772002135,0.0
390599772002136,0.0
390599772002138,0.0
390599772002139,0.0
390599772002140,0.0
390599772002141,0.0
390599772002142,0.0
390599772002143,4.0
390599772002144,0.0
390599772002148,0.0
390599772002153,0.0
390599772003014,0.0
390599772003015,0.0
390599772003056,0.0
390599774001000,0.0
390599774001001,0.0
390599774001002,0.0
390599774001003,0.0
390599774001004,0.0
390599774001005,16.0
390599774001046,0.0
390599774001054,0.0
390599774001055,0.0
390599774001056,0.0
390599777003012,0.0
390599777003013,0.0
390599777003014,0.0
390599777003015,0.0
390599777003021,0.0
390599771001054,0.0
390599771001055,0.0
390599771001056,0.0
390599771001057,0.0
390599771001058,0.0
390599771001059,0.0
390599771001060,0.0
390599771001061,0.0
390599771001062,0.0
390599771001063,0.0
390599771001064,0.0
390599771001065,0.0
390599771001071,4.0
390599771001072,0.0
390599771001073,0.0
390599771001074,0.0
390599771001126,0.0
390599771002000,0.0
390599771002001,0.0
390599771002002,0.0
390599771002003,0.0
390599771002004,0.0
390599771002005,0.0
390599771002006,0.0
390599771002007,0.0
390599771002008,0.0
390599771002009,0.0
390599771002010,0.0
390599771002011,0.0
390599771002012,0.0
390599771002013,0.0
390599771002014,0.0
390599771002015,0.0
390599771002016,0.0
390599771002017,0.0
390599771002018,0.0
390599771002019,0.0
390599771002020,0.0
390599771002021,0.0
390599771002022,0.0
390599771002023,0.0
390599771002024,0.0
390599771002025,0.0
390599771002026,0.0
390599771002027,0.0
390599771002028,0.0
390599771002029,0.0
390599771002030,0.0
390599771002031,0.0
390599771002032,0.0
390599771002033,0.0
390599771002034,0.0
390599771002035,0.0
390599771002036,0.0
390599771002037,0.0
390599771002038,0.0
390599771002039,0.0
390599771002044,0.0
390599771002045,0.0
390599771002046,0.0
390599771002047,0.0
390599771002048,0.0
390599771002049,0.0
390599771002050,0.0
390599771002051,0.0
390599771002052,0.0
390599771002053,0.0
390599771002054,0.0
390599771002055,0.0
390599771002056,0.0
390599771002057,0.0
390599771002058,0.0
390599771002059,0.0
390599771002060,0.0
390599771002061,0.0
390599771002062,0.0
390599771002063,0.0
390599771002064,0.0
390599771002065,0.0
390599771002066,0.0
390599771002082,0.0
390599771002083,0.0
390599771002087,0.0
390599771002088,0.0
390599771002115,0.0
390599771002116,0.0
390599771002117,0.0
390599771002118,0.0
390599771002119,0.0
390599771002121,0.0
390599771002122,0.0
390599771002123,0.0
390599771002124,0.0
390599771002125,0.0
390599771002133,0.0
390599771002150,0.0
390599771002173,0.0
390599771002176,0.0
390599771001075,0.0
390599771001076,0.0
390599771001077,0.0
390599771001078,0.0
390599771001081,0.0
390599771001082,0.0
390599771001083,0.0
390599771001084,0.0
390599771001090,0.0
390599771001091,0.0
390599771001092,0.0
390599771001093,0.0
390599771001094,0.0
390599771001095,0.0
390599771001096,4.0
390599771001097,0.0
390599771001098,0.0
390599771001099,0.0
390599771001100,0.0
390599771001101,0.0
390599771001102,0.0
390599771001103,0.0
390599771001104,0.0
390599771001105,0.0
390599771001106,0.0
390599771001107,0.0
390599771001108,0.0
390599771001110,0.0
390599771001111,0.0
390599771001112,0.0
390599771001113,0.0
390599771001116,0.0
390599771001123,0.0
390599771001127,0.0
390599771001128,0.0
390599771001129,0.0
390599771001130,0.0
390599771001131,4.0
390599771001132,0.0
390599771001133,0.0
390599771001134,0.0
390599771001135,0.0
390599771001138,0.0
390599771001140,0.0
390599771002040,0.0
390599771002041,0.0
390599771002042,0.0
390599771002043,0.0
390599771002067,0.0
390599771002068,0.0
390599771002069,0.0
390599771002070,0.0
390599771002071,0.0
390599771002072,0.0
390599771002073,0.0
390599771002074,0.0
390599771002075,0.0
390599771002076,0.0
390599771002077,0.0
390599771002078,0.0
390599771002079,0.0
390599771002080,0.0
390599771002081,0.0
390599771002084,0.0
390599771002085,0.0
390599771002086,0.0
390599771002093,0.0
390599771002094,0.0
390599771002095,0.0
390599771002096,0.0
390599771002101,0.0
390599771002177,4.0
390599771002178,0.0
390599771002179,0.0
390599771002181,0.0
390599772001193,0.0
390599772001194,0.0
390599777001000,0.0
390599777001001,0.0
390599777001002,0.0
390599777001003,0.0
390599777001004,0.0
390599777001014,0.0
390599777001015,0.0
390599777002000,0.0
390599777002001,0.0
390599777002002,0.0
390599777002003,0.0
390599777002009,0.0
390599771003093,0.0
390599771003094,0.0
390599771003140,0.0
390599771004010,0.0
390599771004011,0.0
390599771004012,0.0
390599771004013,0.0
390599771004014,0.0
390599771004015,0.0
390599771004016,0.0
390599771004017,0.0
390599771004018,0.0
390599771004019,0.0
390599771004020,0.0
390599771004021,0.0
390599771004022,0.0
390599771004023,0.0
390599771004024,0.0
390599771004025,0.0
390599771004026,0.0
390599771004027,0.0
390599771004028,0.0
390599771004029,0.0
390599771004030,0.0
390599771004031,0.0
390599771004032,0.0
390599771004033,0.0
390599771004034,0.0
390599771004035,0.0
390599771004036,0.0
390599771004037,0.0
390599771004041,0.0
390599771004044,0.0
390599771004060,0.0
390599771003069,0.0
390599771003070,4.0
390599771003072,0.0
390599771003073,0.0
390599771003074,0.0
390599771003075,0.0
390599771003076,0.0
390599771003097,0.0
390599771003098,0.0
390599771003099,0.0
390599771003100,0.0
390599771003101,0.0
390599771003102,0.0
390599771003103,0.0
390599771003104,0.0
390599771003105,0.0
390599771003106,0.0
390599771003107,0.0
390599771003108,0.0
390599771003109,0.0
390599771003110,0.0
390599771003133,0.0
390599771003050,0.0
390599771003051,0.0
390599771003052,0.0
390599771003056,0.0
390599771003064,0.0
390599771003065,0.0
390599771003066,0.0
390599771003067,0.0
390599771003068,0.0
390599771003071,4.0
390599771003077,0.0
390599771003078,0.0
390599771003079,0.0
390599771003080,0.0
390599771003081,0.0
390599771003082,0.0
390599771003085,0.0
390599771003086,0.0
390599771003087,0.0
390599771003088,0.0
390599771003089,0.0
390599771003090,0.0
390599771003091,0.0
390599771003092,0.0
390599771003095,0.0
390599771003096,0.0
390599771003111,0.0
390599771003112,0.0
390599771003113,0.0
390599771003120,0.0
390599771003121,0.0
390599771003122,0.0
390599771003123,0.0
390599771003124,10.0
390599771003125,0.0
390599771003126,0.0
390599771003127,0.0
390599771003131,0.0
390599771003132,0.0
390599771003134,0.0
390599771003135,0.0
390599771003137,0.0
390599771003139,0.0
390599771004000,0.0
390599771004001,270.0
390599771004002,0.0
390599771004003,0.0
390599771004004,0.0
390599771004005,0.0
390599771004006,0.0
390599771004007,0.0
390599771004008,0.0
390599771004009,0.0
390599771004038,0.0
390599771004039,4.0
390599771004040,0.0
390599771004042,0.0
390599771004043,0.0
390599771004045,0.0
390599771004046,0.0
390599771004047,0.0
390599771004048,0.0
390599771004049,0.0
390599771004050,0.0
390599771004051,0.0
390599771004052,30.0
390599771004053,0.0
390599771004054,0.0
390599771004055,0.0
390599771004056,0.0
390599771004057,0.0
390599771004058,0.0
390599771004059,0.0
390599778001024,0.0
390599778001025,0.0
390599778001033,0.0
390599778001206,0.0
390599778001207,0.0
390599778001212,0.0
390599771001011,0.0
390599771001033,0.0
390599771001034,0.0
390599771001035,0.0
390599771001039,0.0
390599771001040,0.0
390599771001041,0.0
390599771001042,0.0
390599771001043,0.0
390599771001120,0.0
390599771001139,0.0
390599772001000,0.0
390599772001001,0.0
390599772001002,0.0
390599772001003,0.0
390599772001004,0.0
390599772001005,0.0
390599772001006,0.0
390599772001007,0.0
390599772001008,0.0
390599772001009,0.0
390599772001010,0.0
390599772001011,0.0
390599772001012,0.0
390599772001013,0.0
390599772001031,0.0
390599772001032,0.0
390599772001038,0.0
390599772001039,0.0
390599772001040,0.0
390599772001041,0.0
390599772001042,0.0
390599772001043,0.0
390599772001044,0.0
390599772001045,0.0
390599772001046,0.0
390599772001047,0.0
390599772001048,0.0
390599772001049,0.0
390599772001050,0.0
390599772001051,0.0
390599772001052,0.0
390599772001053,0.0
390599772001054,0.0
390599772001055,0.0
390599772001056,0.0
390599772001057,0.0
390599772001058,0.0
390599772001059,0.0
390599772001060,0.0
390599772001061,0.0
390599772001062,0.0
390599772001063,0.0
390599772001064,0.0
390599772001065,0.0
390599772001066,0.0
390599772001067,0.0
390599772001068,0.0
390599772001069,0.0
390599772001070,0.0
390599772001071,0.0
390599772001072,0.0
390599772001073,0.0
390599772001074,0.0
390599772001075,0.0
390599772001076,0.0
390599772001077,0.0
390599772001078,0.0
390599772001079,0.0
390599772001080,0.0
390599772001081,0.0
390599772001082,0.0
390599772001083,0.0
390599772001084,0.0
390599772001085,0.0
390599772001086,0.0
390599772001087,0.0
390599772001088,0.0
390599772001089,0.0
390599772001090,0.0
390599772001091,0.0
390599772001092,0.0
390599772001103,0.0
390599772001104,0.0
390599772001105,0.0
390599772001107,0.0
390599772001108,0.0
390599772001109,0.0
390599772001110,0.0
390599772001140,0.0
390599772001141,0.0
390599772001142,0.0
390599772001143,0.0
390599772001144,0.0
390599772001145,0.0
390599772001161,4.0
390599772001162,0.0
390599772001163,0.0
390599772001164,0.0
390599772001165,0.0
390599772001166,0.0
390599772001167,3.0
390599772001168,0.0
390599772001169,0.0
390599772001170,0.0
390599772001171,0.0
390599772001172,0.0
390599772001173,0.0
390599772001174,0.0
390599772001175,0.0
390599772001176,0.0
390599771002134,0.0
390599771002135,0.0
390599771002136,0.0
390599771002137,0.0
390599771002138,0.0
390599771002139,0.0
390599771002140,0.0
390599771002151,0.0
390599771002152,3.0
390599771002153,0.0
390599771002154,0.0
390599771002155,0.0
390599771003000,0.0
390599771003001,0.0
390599771003002,0.0
390599771003007,0.0
390599771003008,0.0
390599771003136,0.0
390599771002089,32.0
390599771002090,0.0
390599771002091,0.0
390599771002092,0.0
390599771002102,0.0
390599771002103,0.0
390599771002104,0.0
390599771002105,4.0
390599771002106,0.0
390599771002107,0.0
390599771002108,4.0
390599771002109,0.0
390599771002110,0.0
390599771002111,0.0
390599771002112,0.0
390599771002113,0.0
390599771002114,0.0
390599771002120,0.0
390599771002126,0.0
390599771002127,0.0
390599771002128,0.0
390599771002129,0.0
390599771002130,0.0
390599771002131,0.0
390599771002132,0.0
390599771002141,0.0
390599771002142,0.0
390599771002143,0.0
390599771002144,0.0
390599771002145,0.0
390599771002146,0.0
390599771002147,0.0
390599771002148,0.0
390599771002149,0.0
390599771002156,0.0
390599771002157,0.0
390599771002158,0.0
390599771002159,0.0
390599771002160,0.0
390599771002161,0.0
390599771002162,0.0
390599771002163,0.0
390599771002166,0.0
390599771002171,0.0
390599771002172,0.0
390599771003003,0.0
390599771003004,0.0
390599771003005,0.0
390599771003006,0.0
390599771003009,0.0
390599771003010,0.0
390599771003011,0.0
390599771003012,0.0
390599771003013,0.0
390599771003014,82.0
390599771003015,0.0
390599771003016,0.0
390599771003017,0.0
390599771003018,0.0
390599771003019,0.0
390599771003020,0.0
390599771003021,0.0
390599771003022,0.0
390599771003023,0.0
390599771003024,10.0
390599771003025,0.0
390599771003026,0.0
390599771003027,0.0
390599771003033,0.0
390599771003034,0.0
390599771003035,0.0
390599771003043,0.0
390599771003044,0.0
390599771003045,0.0
390599771003046,0.0
390599771003047,0.0
390599771003048,0.0
390599771003049,0.0
390599771003053,0.0
390599771003054,0.0
390599771003055,0.0
390599771003057,0.0
390599771003058,0.0
390599771003059,0.0
390599771003060,0.0
390599771003114,14.0
390599771003115,0.0
390599771003116,0.0
390599771003117,0.0
390599771003118,0.0
390599771003119,0.0
390599778001069,0.0
390599778001091,0.0
390599778001100,0.0
390599778002079,0.0
390599778002080,0.0
390599778001065,0.0
390599778001104,0.0
390599778001105,0.0
390599778001106,0.0
390599778001107,0.0
390599778001108,0.0
390599778001109,0.0
390599778001115,0.0
390599778001116,0.0
390599778001117,0.0
390599778001118,0.0
390599778001119,0.0
390599778001120,0.0
390599778001121,0.0
390599778001122,0.0
390599778001123,0.0
390599778001124,0.0
390599778001125,0.0
390599778001126,0.0
390599778001127,0.0
390599778001128,0.0
390599778001129,0.0
390599778001130,0.0
390599778001131,0.0
390599778001132,0.0
390599778001182,0.0
390599778001183,14.0
390599778001184,0.0
390599778001185,0.0
390599778001186,0.0
390599778001188,0.0
390599778001189,0.0
390599778001190,0.0
390599778001191,0.0
390599778001196,0.0
390599778001197,0.0
390599778002083,0.0
390599778002084,0.0
390599778002085,0.0
390599778002086,0.0
390599778002087,0.0
390599778002088,0.0
390599778002089,0.0
390599778003001,0.0
390599778003006,0.0
390599778003010,0.0
390599778003011,0.0
390599778003012,0.0
390599778003040,0.0
390599778003041,0.0
390599778003042,4.0
390599778003043,0.0
390599778003044,0.0
390599778003118,0.0
390599771003128,0.0
390599771003129,0.0
390599771003130,0.0
390599771003138,0.0
390599778001015,0.0
390599778001016,0.0
390599778001017,0.0
390599778001018,0.0
390599778001019,0.0
390599778001022,0.0
390599778001023,0.0
390599778001026,0.0
390599778001027,0.0
390599778001028,0.0
390599778001029,0.0
390599778001030,0.0
390599778001031,10.0
390599778001032,0.0
390599778001034,0.0
390599778001035,0.0
390599778001036,0.0
390599778001037,0.0
390599778001038,0.0
390599778001039,0.0
390599778001040,0.0
390599778001041,0.0
390599778001042,0.0
390599778001043,0.0
390599778001044,0.0
390599778001045,0.0
390599778001046,0.0
390599778001047,0.0
390599778001048,0.0
390599778001049,0.0
390599778001050,0.0
390599778001051,0.0
390599778001052,0.0
390599778001053,0.0
390599778001054,0.0
390599778001055,0.0
390599778001056,0.0
390599778001057,0.0
390599778001058,0.0
390599778001059,0.0
390599778001060,0.0
390599778001061,0.0
390599778001062,0.0
390599778001063,0.0
390599778001064,0.0
390599778001066,0.0
390599778001067,0.0
390599778001068,0.0
390599778001092,0.0
390599778001099,0.0
390599778001103,0.0
390599778001110,0.0
390599778001111,0.0
390599778001112,0.0
390599778001113,0.0
390599778001114,0.0
390599778001133,0.0
390599778001134,0.0
390599778001135,0.0
390599778001136,0.0
390599778001137,0.0
390599778001138,0.0
390599778001139,0.0
390599778001140,0.0
390599778001141,0.0
390599778001142,0.0
390599778001143,0.0
390599778001144,0.0
390599778001145,0.0
390599778001146,0.0
390599778001147,0.0
390599778001148,0.0
390599778001149,0.0
390599778001150,0.0
390599778001151,0.0
390599778001152,0.0
390599778001153,0.0
390599778001154,0.0
390599778001155,0.0
390599778001156,0.0
390599778001157,0.0
390599778001158,0.0
390599778001159,0.0
390599778001160,0.0
390599778001161,0.0
390599778001162,0.0
390599778001163,0.0
390599778001164,0.0
390599778001165,0.0
390599778001166,0.0
390599778001167,0.0
390599778001168,0.0
390599778001169,0.0
390599778001170,0.0
390599778001171,0.0
390599778001172,0.0
390599778001173,0.0
390599778001174,0.0
390599778001175,0.0
390599778001176,0.0
390599778001177,0.0
390599778001178,0.0
390599778001179,0.0
390599778001180,0.0
390599778001181,0.0
390599778001187,0.0
390599778001192,0.0
390599778001193,0.0
390599778001194,0.0
390599778001195,0.0
390599778001198,0.0
390599778001200,0.0
390599778001201,0.0
390599778001202,0.0
390599778001203,0.0
390599778001204,0.0
390599778001205,0.0
390599778001208,0.0
390599778001209,0.0
390599778001210,0.0
390599778001211,0.0
390599778001213,0.0
390599778001214,0.0
390599778001215,0.0
390599778001216,0.0
390599778001217,0.0
390599778001218,0.0
390599778001219,0.0
390599778001220,0.0
390599778001221,0.0
390599778001222,0.0
390599778001223,0.0
390599778001224,0.0
390599778001225,0.0
390599778001226,0.0
390599778002056,0.0
390599778002057,0.0
390599778002067,0.0
390599778002068,0.0
390599778002069,0.0
390599778002070,0.0
390599778002072,10.0
390599778002073,0.0
390599778002074,0.0
390599778002075,0.0
390599778002076,10.0
390599778002077,0.0
390599778002078,0.0
390599778002081,0.0
390599778002082,4.0
390599778002099,4.0
390599778002111,0.0
390599778002112,0.0
390599778003000,0.0
390599778003002,0.0
390599778003003,0.0
390599778003004,0.0
390599778003005,0.0
390599778003007,0.0
390599778003008,0.0
390599778003009,0.0
390599778003013,0.0
390599778003014,0.0
390599778003015,0.0
390599778003038,0.0
390599778003039,0.0
390599778003045,0.0
390599778003046,0.0
390599778003103,0.0
390599778003104,0.0
390599778003105,4.0
390599778003106,3.0
390599778003107,0.0
390599778003117,0.0
390599780003076,0.0
390599780003077,0.0
390599780003078,4.0
390599780003079,0.0
390599780003080,0.0
390599780003081,0.0
390599780003082,0.0
390599780003083,0.0
390599780003084,0.0
390599780003085,0.0
390599780003086,4.0
390599780003087,0.0
390599780003088,0.0
390599780003123,0.0
390599780003124,0.0
390599780003125,0.0
390599780003126,0.0
390599780003127,0.0
390599780003128,0.0
390599780003129,0.0
390599780003130,0.0
390599780003131,0.0
390599780003132,0.0
390599780003133,0.0
390599780003134,0.0
390599780003135,14.0
390599780003136,0.0
390599780003137,0.0
390599780003138,0.0
390599780003139,0.0
390599780003140,0.0
390599780003141,0.0
390599780003142,0.0
390599780003143,0.0
390599780003144,0.0
390599780003145,0.0
390599780003146,0.0
390599780003147,0.0
390599780003148,0.0
390599780003149,0.0
390599780003150,0.0
390599780003151,0.0
390599780003152,0.0
390599780003153,0.0
390599780003154,0.0
390599780003155,0.0
390599780003156,0.0
390599780003157,0.0
390599780003158,0.0
390599780003159,0.0
390599780003160,0.0
390599780003161,0.0
390599780003162,0.0
390599780003163,0.0
390599780003164,0.0
390599780003165,0.0
390599780003166,0.0
390599780003167,0.0
390599780003168,0.0
390599780003169,0.0
390599780003170,0.0
390599780003171,0.0
390599780003172,0.0
390599780003173,0.0
390599780003183,0.0
390599780003184,0.0
390599780003190,0.0
390599780003191,0.0
390599780003192,14.0
390599780003023,0.0
390599780003024,0.0
390599780003025,10.0
390599780003026,0.0
390599780003027,0.0
390599780003028,0.0
390599780003029,0.0
390599780003030,0.0
390599780003031,0.0
390599780003034,0.0
390599780003035,0.0
390599780003036,0.0
390599780003037,0.0
390599780003038,0.0
390599780003039,32.0
390599780003040,0.0
390599780003041,0.0
390599780003042,0.0
390599780003043,0.0
390599780003044,0.0
390599780003045,14.0
390599780003048,0.0
390599780003049,0.0
390599780003050,0.0
390599780003051,0.0
390599780003052,0.0
390599780003053,0.0
390599780003054,54.0
390599780003055,0.0
390599780003056,0.0
390599780003057,0.0
390599780003058,0.0
390599780003059,0.0
390599780003060,0.0
390599780003061,0.0
390599780003062,0.0
390599780003063,0.0
390599780003064,0.0
390599780003065,0.0
390599780003066,0.0
390599780003067,0.0
390599780003068,0.0
390599780003069,0.0
390599780003070,0.0
390599780003071,0.0
390599780003072,0.0
390599780003073,0.0
390599780003074,0.0
390599780003075,0.0
390599780003089,4.0
390599780003090,0.0
390599780003091,0.0
390599780003092,0.0
390599780003093,0.0
390599780003101,0.0
390599780003102,0.0
390599780003103,0.0
390599780003104,0.0
390599780003105,0.0
390599780003107,0.0
390599780003110,0.0
390599780003111,0.0
390599780003112,0.0
390599780003113,0.0
390599780003114,0.0
390599780003115,0.0
390599780003116,0.0
390599780003117,0.0
390599780003118,0.0
390599780003119,0.0
390599780003120,0.0
390599780003121,0.0
390599780003122,0.0
390599780003174,0.0
390599780003175,0.0
390599780003176,0.0
390599780003177,0.0
390599780003178,0.0
390599780003179,0.0
390599780003180,0.0
390599780003181,0.0
390599780003182,0.0
390599780003185,0.0
390599780003186,4.0
390599780003187,0.0
390599780003188,0.0
390599780003189,0.0
390599780003193,0.0
390599778002114,0.0
390599778002115,0.0
390599778002116,0.0
390599778003050,0.0
390599778003051,0.0
390599778003052,0.0
390599778003053,4.0
390599778003054,0.0
390599778003058,0.0
390599778003059,0.0
390599778003060,0.0
390599778003061,0.0
390599778003062,0.0
390599778003063,0.0
390599778003064,0.0
390599778003065,0.0
390599778003066,0.0
390599778003067,0.0
390599778003068,0.0
390599778003069,0.0
390599778003070,0.0
390599778003071,0.0
390599778003072,0.0
390599778003073,0.0
390599778003074,0.0
390599778003075,0.0
390599778003076,0.0
390599778003077,0.0
390599778003078,0.0
390599778003079,0.0
390599778003080,0.0
390599778003081,4.0
390599778003082,0.0
390599778003083,0.0
390599778003084,0.0
390599778003085,0.0
390599778003086,0.0
390599778003087,0.0
390599778003088,0.0
390599778003089,0.0
390599778003090,0.0
390599778003091,0.0
390599778003092,0.0
390599778003093,0.0
390599778003094,0.0
390599778003095,0.0
390599778003096,0.0
390599778003097,0.0
390599778003113,0.0
390599778003114,0.0
390599778003119,0.0
390599780004044,4.0
390599780004045,0.0
390599780004046,0.0
390599780004047,0.0
390599780004048,10.0
390599780004049,0.0
390599780004050,0.0
390599780004051,0.0
390599780004052,10.0
390599780004053,0.0
390599780004054,0.0
390599780004061,0.0
390599780004063,0.0
390599780004064,0.0
390599780004065,0.0
390599780004066,0.0
390599780004070,0.0
390599780004071,0.0
390599780004072,0.0
390599780004073,0.0
390599780004074,0.0
390599780004075,0.0
390599780004076,0.0
390599780004077,0.0
390599780004078,0.0
390599780004079,0.0
390599780004080,0.0
390599780004081,0.0
390599780004082,0.0
390599780004083,0.0
390599780004084,0.0
390599780004085,0.0
390599780004086,4.0
390599780004087,0.0
390599780004088,0.0
390599780004089,0.0
390599780004090,0.0
390599780004092,0.0
390599780004093,0.0
390599780004094,0.0
390599780004097,0.0
390599778002103,0.0
390599778002104,0.0
390599778002105,0.0
390599778002106,0.0
390599778002107,0.0
390599778002108,0.0
390599778002109,0.0
390599778003020,0.0
390599778003022,0.0
390599778003023,32.0
390599778003024,0.0
390599778003025,0.0
390599778003026,0.0
390599778003027,0.0
390599778003028,0.0
390599778003031,0.0
390599778003032,0.0
390599778003033,0.0
390599778003034,0.0
390599778003035,0.0
390599778003036,0.0
390599778003037,0.0
390599778003047,0.0
390599778003048,0.0
390599778003049,0.0
390599778003055,0.0
390599778003056,0.0
390599778003057,0.0
390599778003098,0.0
390599778003099,0.0
390599778003100,0.0
390599778003101,0.0
390599778003102,0.0
390599778003108,0.0
390599778003109,0.0
390599778003110,0.0
390599778003111,0.0
390599778003112,0.0
390599778003115,0.0
390599778003116,0.0
390599778003120,0.0
390599778003121,0.0
390599779002056,0.0
390599779002057,0.0
390599779002058,0.0
390599779002059,0.0
390599779002060,0.0
390599779002061,0.0
390599779002067,58.0
390599779002068,0.0
390599779002069,0.0
390599779002076,0.0
390599779002077,0.0
390599779002078,0.0
390599779002079,0.0
390599779002080,0.0
390599779004044,0.0
390599779004045,0.0
390599779004046,0.0
390599779004047,0.0
390599779004048,0.0
390599779004049,0.0
390599779004050,0.0
390599779004051,0.0
390599779004052,0.0
390599779004053,0.0
390599779004054,0.0
390599779004055,0.0
390599779004056,0.0
390599779004057,0.0
390599779004058,0.0
390599779004059,0.0
390599779004060,0.0
390599779004061,0.0
390599779004062,0.0
390599779004063,0.0
390599779004064,0.0
390599779004065,0.0
390599779004066,0.0
390599779004087,0.0
390599779004088,0.0
390599780001120,0.0
390599780001121,0.0
390599780003000,0.0
390599780003001,0.0
390599780003032,0.0
390599780003033,4.0
390599780003094,0.0
390599780003095,0.0
390599780003096,0.0
390599780003097,0.0
390599780003098,0.0
390599780003099,0.0
390599780003100,0.0
390599780003106,0.0
390599780003108,0.0
390599780003109,0.0
390599780003194,0.0
390599780004000,0.0
390599780004001,0.0
390599780004002,0.0
390599780004003,0.0
390599780004004,0.0
390599780004005,0.0
390599780004006,0.0
390599780004007,0.0
390599780004008,4.0
390599780004009,0.0
390599780004010,0.0
390599780004011,4.0
390599780004012,0.0
390599780004013,0.0
390599780004014,0.0
390599780004015,0.0
390599780004016,0.0
390599780004017,0.0
390599780004018,0.0
390599780004019,0.0
390599780004020,0.0
390599780004021,0.0
390599780004022,0.0
390599780004023,0.0
390599780004024,0.0
390599780004025,0.0
390599780004026,14.0
390599780004027,0.0
390599780004028,0.0
390599780004029,0.0
390599780004030,0.0
390599780004031,0.0
390599780004032,0.0
390599780004033,0.0
390599780004034,0.0
390599780004035,0.0
390599780004036,4.0
390599780004037,0.0
390599780004038,0.0
390599780004039,3.0
390599780004040,0.0
390599780004041,0.0
390599780004042,0.0
390599780004043,0.0
390599780004055,0.0
390599780004056,0.0
390599780004057,0.0
390599780004058,0.0
390599780004059,0.0
390599780004060,0.0
390599780004062,0.0
390599780004067,0.0
390599780004068,0.0
390599780004069,0.0
390599780004091,0.0
390599780004095,0.0
390599780004096,0.0
390599771001000,0.0
390599771001001,0.0
390599771001002,0.0
390599771001003,0.0
390599771001004,0.0
390599771001005,0.0
390599771001006,0.0
390599771001007,0.0
390599771001008,0.0
390599771001009,0.0
390599771001010,0.0
390599771001012,0.0
390599771001013,0.0
390599771001014,4.0
390599771001015,0.0
390599771001016,0.0
390599771001017,0.0
390599771001018,0.0
390599771001019,0.0
390599771001020,0.0
390599771001021,0.0
390599771001022,0.0
390599771001023,0.0
390599771001024,0.0
390599771001025,0.0
390599771001026,0.0
390599771001027,0.0
390599771001028,14.0
390599771001029,0.0
390599771001030,0.0
390599771001031,0.0
390599771001032,0.0
390599771001036,0.0
390599771001037,0.0
390599771001038,0.0
390599771001044,0.0
390599771001045,0.0
390599771001046,0.0
390599771001047,0.0
390599771001048,0.0
390599771001049,0.0
390599771001050,0.0
390599771001051,0.0
390599771001052,0.0
390599771001053,0.0
390599771001066,0.0
390599771001067,0.0
390599771001068,0.0
390599771001069,0.0
390599771001070,0.0
390599771001079,0.0
390599771001080,0.0
390599771001085,0.0
390599771001086,0.0
390599771001087,4.0
390599771001088,0.0
390599771001089,0.0
390599771001109,0.0
390599771001114,0.0
390599771001115,0.0
390599771001121,0.0
390599771001122,0.0
390599771001136,0.0
390599771001137,0.0
390599771001141,0.0
390599772004048,4.0
390599772004049,0.0
390599772004050,0.0
390599772004051,0.0
390599772004052,14.0
390599772004053,0.0
390599772004054,0.0
390599772004055,0.0
390599772004056,0.0
390599772004059,0.0
390599772004060,38.0
390599772004061,0.0
390599772004062,0.0
390599772004063,0.0
390599772004064,0.0
390599772004065,0.0
390599772004066,0.0
390599772004067,0.0
390599772004068,0.0
390599772004069,0.0
390599772004070,0.0
390599772004071,0.0
390599772004072,0.0
390599772004073,0.0
390599772004074,0.0
390599772004075,0.0
390599772004076,0.0
390599772004077,0.0
390599772004078,0.0
390599772004079,0.0
390599772004080,0.0
390599772004081,0.0
390599772004106,0.0
390599772004107,0.0
390599772004108,0.0
390599772004109,0.0
390599772004110,0.0
390599772004111,0.0
390599772004112,0.0
390599772004116,0.0
390599772004120,0.0
390599772004121,0.0
390599772004128,0.0
390599772004129,0.0
390599772004132,0.0
390599772004133,0.0
390599772004134,0.0
390599772004135,0.0
390599772004136,0.0
390599772004137,0.0
390599772004138,0.0
390599772004139,0.0
390599772004140,0.0
390599772004141,0.0
390599772004142,0.0
390599772004143,0.0
390599772004144,0.0
390599772004145,0.0
390599772004146,0.0
390599772004147,0.0
390599772004148,0.0
390599772004149,0.0
390599772004150,0.0
390599772004151,0.0
390599772004152,0.0
390599772004153,0.0
390599772004154,0.0
390599772004155,0.0
390599772004156,0.0
390599772004157,0.0
390599772004158,0.0
390599772004159,0.0
390599780001052,0.0
390599780001053,0.0
390599780001054,0.0
390599780001055,0.0
390599780001056,0.0
390599780001057,0.0
390599780001058,0.0
390599780001059,32.0
390599780001064,0.0
390599780001087,0.0
390599780001088,0.0
390599780001093,27.0
390599780001094,0.0
390599780001103,0.0
390599780001104,0.0
390599780001105,0.0
390599780001106,0.0
390599780001107,0.0
390599780001108,0.0
390599780001109,0.0
390599780001119,0.0
390599780002002,0.0
390599780002003,0.0
390599780002004,0.0
390599780002005,0.0
390599780002006,0.0
390599780002007,0.0
390599780002008,0.0
390599780002009,0.0
390599780002010,4.0
390599780002011,0.0
390599780002012,0.0
390599780002013,0.0
390599780002014,10.0
390599780002015,0.0
390599780002016,0.0
390599780002017,0.0
390599780002018,0.0
390599780002019,0.0
390599780002020,4.0
390599780002021,0.0
390599780002022,0.0
390599780002023,0.0
390599780002024,0.0
390599780002025,0.0
390599780002026,0.0
390599780002027,0.0
390599780002028,0.0
390599780002029,0.0
390599780002030,0.0
390599780002031,0.0
390599780002032,0.0
390599780002033,0.0
390599780002034,0.0
390599780002035,0.0
390599780002036,0.0
390599780002037,0.0
390599780002038,0.0
390599780002039,0.0
390599780002040,0.0
390599780002041,0.0
390599780002042,4.0
390599780002043,0.0
390599780002044,0.0
390599780002045,0.0
390599780002046,0.0
390599780002047,0.0
390599780002048,30.0
390599780002049,0.0
390599780002050,0.0
390599780002051,0.0
390599780002052,0.0
390599780002053,0.0
390599780002054,0.0
390599780002055,0.0
390599780002056,0.0
390599780002057,0.0
390599780002058,0.0
390599780002059,0.0
390599780002060,0.0
390599780002061,0.0
390599780002062,0.0
390599780002063,0.0
390599780002064,0.0
390599780002065,0.0
390599780003006,0.0
390599780003007,0.0
390599780003008,4.0
390599780003009,0.0
390599780003010,0.0
390599780003011,0.0
390599780003012,0.0
390599780003013,0.0
390599780003014,0.0
390599780003015,0.0
390599780003016,0.0
390599780003017,0.0
390599780003018,0.0
390599780003019,0.0
390599780003020,0.0
390599780003021,0.0
390599780003022,0.0
390599780003046,0.0
390599780003047,0.0
390599772001014,0.0
390599772001015,0.0
390599772001016,0.0
390599772001017,14.0
390599772001018,0.0
390599772001019,0.0
390599772001020,0.0
390599772001021,0.0
390599772001022,3.0
390599772001023,0.0
390599772001024,0.0
390599772001025,0.0
390599772001026,0.0
390599772001027,0.0
390599772001028,0.0
390599772001029,0.0
390599772001030,0.0
390599772001033,0.0
390599772001034,0.0
390599772001035,0.0
390599772001036,0.0
390599772001037,0.0
390599772001093,0.0
390599772001094,0.0
390599772001095,0.0
390599772001096,0.0
390599772001097,0.0
390599772001098,0.0
390599772001099,0.0
390599772001100,0.0
390599772001101,0.0
390599772001102,0.0
390599772001118,0.0
390599772001184,0.0
390599772001224,0.0
390599772002000,0.0
390599772002001,0.0
390599772002002,0.0
390599772002003,0.0
390599772002004,0.0
390599772002005,0.0
390599772002006,0.0
390599772002007,0.0
390599772002008,0.0
390599772002009,0.0
390599772002010,0.0
390599772002011,0.0
390599772002012,0.0
390599772002013,0.0
390599772002014,0.0
390599772002015,0.0
390599772002016,0.0
390599772002017,0.0
390599772002018,0.0
390599772002019,0.0
390599772002020,4.0
390599772002021,0.0
390599772002022,0.0
390599772002023,0.0
390599772002024,0.0
390599772002025,0.0
390599772002026,14.0
390599772002027,0.0
390599772002028,0.0
390599772002029,0.0
390599772002030,0.0
390599772002031,0.0
390599772002032,0.0
390599772002033,0.0
390599772002034,0.0
390599772002035,0.0
390599772002036,0.0
390599772002037,0.0
390599772002038,0.0
390599772002039,0.0
390599772002040,0.0
390599772002041,0.0
390599772002042,0.0
390599772002043,0.0
390599772002044,0.0
390599772002045,0.0
390599772002052,0.0
390599772002053,0.0
390599772002054,0.0
390599772002055,0.0
390599772002056,0.0
390599772002057,0.0
390599772002058,0.0
390599772002059,0.0
390599772002060,0.0
390599772002068,0.0
390599772002069,0.0
390599772002070,0.0
390599772002071,0.0
390599772002072,0.0
390599772002073,0.0
390599772002074,0.0
390599772002076,0.0
390599772002077,0.0
390599772002078,0.0
390599772002079,0.0
390599772002080,0.0
390599772002081,0.0
390599772002082,0.0
390599772002088,0.0
390599772002089,0.0
390599772002090,0.0
390599772002154,0.0
390599772002155,0.0
390599772002157,0.0
390599772002158,0.0
390599772002159,0.0
390599772002160,0.0
390599772002161,0.0
390599772002162,0.0
390599772002163,0.0
390599772002164,0.0
390599772002165,0.0
390599772002166,0.0
390599772002168,0.0
390599772003000,0.0
390599772003001,0.0
390599772003002,0.0
390599772003003,0.0
390599772003004,0.0
390599772003005,0.0
390599772003006,0.0
390599772003007,0.0
390599772003008,0.0
390599772003009,0.0
390599772003010,0.0
390599772003011,0.0
390599772003012,0.0
390599772003013,0.0
390599772003016,0.0
390599778001070,0.0
390599778001071,0.0
390599778001072,4.0
390599778001088,4.0
390599778001089,0.0
390599778001090,0.0
390599778001094,4.0
390599778001095,0.0
390599778001096,0.0
390599778001097,0.0
390599778001098,0.0
390599778001101,0.0
390599778001102,0.0
390599778001199,0.0
390599777001017,0.0
390599777001018,0.0
390599777001020,0.0
390599777001021,0.0
390599777001022,0.0
390599777001023,0.0
390599777001024,0.0
390599777001025,0.0
390599777001026,0.0
390599777001027,0.0
390599777001028,0.0
390599777001029,0.0
390599777001030,0.0
390599777001031,0.0
390599777001032,0.0
390599777001033,0.0
390599777001034,0.0
390599777001035,0.0
390599777001036,0.0
390599777001037,0.0
390599777001038,0.0
390599777001039,0.0
390599777001040,0.0
390599777001041,0.0
390599777001042,0.0
390599777001043,0.0
390599777001044,4.0
390599777001045,0.0
390599777001046,0.0
390599777001047,0.0
390599777001048,0.0
390599777001049,0.0
390599777001055,0.0
390599777001056,0.0
390599777001057,0.0
390599777001058,0.0
390599777001068,0.0
390599777001069,0.0
390599777001070,0.0
390599777001071,0.0
390599777002041,0.0
390599777002042,0.0
390599777002043,0.0
390599777002044,0.0
390599777002045,0.0
390599777002046,0.0
390599777002047,0.0
390599777002048,0.0
390599777002049,0.0
390599777002050,0.0
390599777002057,0.0
390599771002097,0.0
390599771002098,0.0
390599771002099,0.0
390599771002100,0.0
390599771002164,0.0
390599771002165,0.0
390599771002167,0.0
390599771002168,0.0
390599771002169,0.0
390599771002170,0.0
390599771002174,0.0
390599771002175,0.0
390599771002180,0.0
390599771003028,0.0
390599771003029,0.0
390599771003030,0.0
390599771003031,0.0
390599771003032,0.0
390599771003036,4.0
390599771003037,0.0
390599771003038,0.0
390599771003039,0.0
390599771003040,0.0
390599771003041,0.0
390599771003042,0.0
390599771003061,0.0
390599771003062,0.0
390599771003063,0.0
390599771003083,0.0
390599771003084,0.0
390599777001005,4.0
390599777001006,0.0
390599777001007,0.0
390599777001008,0.0
390599777001009,14.0
390599777001010,0.0
390599777001011,0.0
390599777001012,0.0
390599777001013,0.0
390599777001016,0.0
390599777001019,0.0
390599777001050,0.0
390599777001051,0.0
390599777001052,0.0
390599777001053,0.0
390599777001054,0.0
390599777001059,0.0
390599777001060,0.0
390599777001061,0.0
390599777001062,0.0
390599777001063,0.0
390599777001064,0.0
390599777001065,14.0
390599777001066,0.0
390599777001067,0.0
390599777001072,0.0
390599777001073,0.0
390599777001074,0.0
390599777001075,0.0
390599777001076,0.0
390599777001081,0.0
390599777001082,0.0
390599777001096,0.0
390599777001097,0.0
390599777001101,0.0
390599777001102,0.0
390599777001103,0.0
390599777001110,0.0
390599777001111,0.0
390599777001112,0.0
390599777001113,0.0
390599777001114,0.0
390599777001115,0.0
390599777001116,0.0
390599777001117,0.0
390599777001118,0.0
390599777001119,10.0
390599777001120,0.0
390599777001121,0.0
390599777001122,0.0
390599777001123,0.0
390599777001124,0.0
390599777001125,0.0
390599777001126,0.0
390599777001127,0.0
390599777001128,0.0
390599777001129,0.0
390599777001130,0.0
390599777001131,0.0
390599777001132,0.0
390599777001133,0.0
390599777002020,0.0
390599777002021,0.0
390599777002022,0.0
390599777002023,0.0
390599777002024,0.0
390599777002025,0.0
390599777002037,14.0
390599777002038,0.0
390599777002039,0.0
390599777002040,0.0
390599777002055,0.0
390599777002056,0.0
390599778001000,0.0
390599778001001,0.0
390599778001002,0.0
390599778001003,0.0
390599778001004,0.0
390599778001005,0.0
390599778001006,4.0
390599778001007,0.0
390599778001008,0.0
390599778001009,0.0
390599778001010,0.0
390599778001011,0.0
390599778001014,0.0
390599778001020,0.0
390599778001021,0.0
